{
  "project_info": {
    "project_number": "783600478869",
    "project_id": "pahealthyfood-e0433",
    "storage_bucket": "pahealthyfood-e0433.appspot.com"
  },
  "client": [
    {
      "client_info": {
        "mobilesdk_app_id": "1:783600478869:android:f92bc6026f8cab15dfc99c",
        "android_client_info": {
          "package_name": "com.demo.pa"
        }
      },
      "oauth_client": [
        {
          "client_id": "783600478869-om7nm7ii3epj5sbmjcqj908qhqq2gnao.apps.googleusercontent.com",
          "client_type": 3
        }
      ],
      "api_key": [
        {
          "current_key": "AIzaSyDVmekhMCAt7oO-_bltNRwTnMCWgDPRqCU"
        }
      ],
      "services": {
        "appinvite_service": {
          "other_platform_oauth_client": [
            {
              "client_id": "783600478869-om7nm7ii3epj5sbmjcqj908qhqq2gnao.apps.googleusercontent.com",
              "client_type": 3
            }
          ]
        }
      }
    }
  ],
  "configuration_version": "1"
}